TalkId;Name;Role
VM1808:9 48efcfc2382ae91c65a509bcb1323a88;Sean Michael Kerner;Jedi, eWeek / InternetNews / eSecurity Planet
VM1808:9 48efcfc2382ae91c65a509bcb1323a88;Frederic Lardinois;News Editor, TechCrunch
VM1808:9 a26965d9720035da90365756d0e17246;Beatriz Martínez Rubio;Cloud Engineer, IBM
VM1808:9 60b42b610a13993bfde95431d4b2df63;Vladimir Vivien;Software Engineer, VMware
VM1808:9 7421810e408f0d8e9bb203a1889ef66a;Fernando Diaz;Software Engineer, IBM
VM1808:9 b9aa6fded8eac23badb08fe4b017af8a;James Wen;Senior Site Reliability Engineer, Spotify
VM1808:9 9c9a3814f089900a626f827d83d7527b;Hannah Foxwell;Associate Director, Pivotal
VM1808:9 5128b32980b4b2b0373905101c9faf26;Antoine Legrand;Software Engineering Manager, Red Hat
VM1808:9 6592d145e98f7bdbb6553bb26442749d;Piotr Szczesniak;Senior Software Engineer, Google
VM1808:9 6581550dd69e4eccfc6f2f530033a5f6;Ruben D Orduz;Member Technical Staff, VMware
VM1808:9 ca3b4bf5c0bfa86e0d6ae3d58b809430;Risha Mars;Software Engineer, Buoyant
VM1808:9 725be18bfe35c22104469a4c42a9c9d5;Zach Arnold;DevOps Engineering Manager, Ygrene Energy Fund
VM1808:9 3603a09534eca7e8d3f0a8ff07f457a3;Olive Power;Architect, VMware
VM1808:9 aa6a2ecade2621dadd9500f58b22b675;Joel Speed;Cloud Infrastructure Engineer, Pusher
VM1808:9 e07702cc9df3cad3594d9f49292bd580;Kaslin Fields;Cloud Advocate, Oracle
VM1808:9 43e6c8e96bf834ca8a51acd6e623307c;Renaud Gaubert;Software Engineer, NVIDIA
VM1808:9 f202ffd8110e4626ba3cdea3ab6ddf99;Matthias Bertschy;Lead DevOps Engineer, Swissquote Bank
VM1808:9 2628b7c3c57f2f2b14e74e5a0e8e10a6;Eduard Iacoboaia;Senior System Administrator, Booking.com
VM1808:9 11aca575cec827a8cc73e380eba5b966;Lewis Denham-Parry;Instructor / Co-Founder, learnk8s.io / CloudNativeWales
VM1808:9 8ba3a7f7b10948c52e4c4cb7fda4c551;Joab Jackson;Managing Editor, The New Stack
VM1808:9 8ba3a7f7b10948c52e4c4cb7fda4c551;Alex Williams;Founder & Editor-in-Chief, The New Stack
VM1808:9 8ba3a7f7b10948c52e4c4cb7fda4c551;Bob Quillin;VP Developer Relations, Oracle Cloud
VM1808:9 8ba3a7f7b10948c52e4c4cb7fda4c551;Jon Girven;Co-Founder & CTO, Sauce
VM1808:9 8ba3a7f7b10948c52e4c4cb7fda4c551;Ant Kennedy;CTO, Gapsquare
VM1808:9 8ba3a7f7b10948c52e4c4cb7fda4c551;Bola Rotibi;Founder & Research Director, Creative Intellect Consulting
VM1808:9 3d40bdd5bd6e6c1fa4c5381af6fd89d9;Dan Kohn;Executive Director, Cloud Native Computing Foundation
VM1808:9 b5df02b7c510a18245e970ef1a185bdd;Cheryl Hung;Director of Ecosystem, CNCF
VM1808:9 f189f8d8434a9fcdf35b626759c7a8cb;Bryan Liles;Senior Staff Engineer, VMware
VM1808:9 ba7f07aefe1767dc69347b14a6c3a95a;Oliver Gould;Buoyant, CTO
VM1808:9 05038ee9203ae7a6fcf66e671b5c97f2;Urvashi Mohnani;Software Engineer, Red Hat
VM1808:9 5efe0cc15a76b6abe2262ee95bb4fd6d;Ben Sigelman;CEO and Co-founder, LightStep
VM1808:9 5efe0cc15a76b6abe2262ee95bb4fd6d;Morgan McClean;Product Manager, Google
VM1808:9 d20dfcaf598d326594cf11edf29a88f1;Eduardo Silva;Principal Engineer, Arm / Treasure Data
VM1808:9 d493f52ce09a526dc3c62482b756972e;Vijoy Pandey;VP/CTO Cloud, Cisco
VM1808:9 36497824e88912ab945c3f345898ba0b;Lucas Käldström;CNCF Ambassador, Independent
VM1808:9 36497824e88912ab945c3f345898ba0b;Nikhita Raghunath;Software Engineer, Loodse
VM1808:9 4e07555cf1c4ec5d967051a63cc11db4;Bryan Liles;Senior Staff Engineer, VMware
VM1808:9 ea3495a2d076d3821b3ac39b235d7812;Akihiro Suda;Software Engineer, NTT
VM1808:9 9d7072e7afa029bd1f46b406bb9041cf;Sebastian Scheele;CEO, Loodse
VM1808:9 9d7072e7afa029bd1f46b406bb9041cf;Simon Pearce;System Architect, SysEleven
VM1808:9 3bfe91da65e47c0aad3ef8a8ec65e9dc;Andrew Martin;Co-founder, Control Plane
VM1808:9 0a7e1dc16047577f97bf92db11042f69;Dr. Jennifer Akullian;Founder/IO Psychologist, Growth Coaching Institute
VM1808:9 2ecee33368770134d2af9b11da4601a7;Adel Zaalouk;Senior Software Engineer, SAP
VM1808:9 7b4349f4f71dcbdaadc580907566449a;Marcin Wielgus;Senior Software Engineer, Google
VM1808:9 1f5c2ef93c5e8de5c2de54f3b1362d1d;Lucina Stricko;Product Manager, Vulk Coop & CNCF
VM1808:9 1f5c2ef93c5e8de5c2de54f3b1362d1d;Denver Williams;Project Co-Lead, cncf.ci, Vulk Coop & CNCF
VM1808:9 4b7b12b41425846d08e8b49fb0ab7e99;Bryan Boreham;Director Software Engineering, Weaveworks
VM1808:9 4b7b12b41425846d08e8b49fb0ab7e99;Tom Wilkie;VP Product, Grafana Labs
VM1808:9 b52da02625300925c3d75bcdb0ae0032;Claire Laurence;Senior Technical Program Manager, Pivotal
VM1808:9 b52da02625300925c3d75bcdb0ae0032;Tim Pepper;Open Source Engineer, VMware
VM1808:9 8d70f6d3436b05788322c5bb410f858d;Tasha Drew;Product Manager, VMWare
VM1808:9 8bca12cce74ece893341ada167f5ab48;Jonathan Berkhahn;Open Source Contributor, IBM
VM1808:9 6daca46c9852693891fcd314c1f0b526;Bowei Du;Staff Software Engineer, Google
VM1808:9 6daca46c9852693891fcd314c1f0b526;Rohit Ramkumar;Software Engineer, Google
VM1808:9 7cbb708191abc3417a8cac24381d7662;Fabio Giannetti;Senior Consultant, MasterCard
VM1808:9 7cbb708191abc3417a8cac24381d7662;Allison Richardet;Software Engineer, OCI
VM1808:9 b999d2de21d10122bb4c67d03985a6f5;Cody Gibb;Software Engineer, Uber
VM1808:9 b999d2de21d10122bb4c67d03985a6f5;Yiran Wang;Software Engineer, Uber
VM1808:9 2322814ecbe2d3cd24e1155dcef8317c;Yonggang Liu;Senior Software Engineer, Google
VM1808:9 2322814ecbe2d3cd24e1155dcef8317c;Quanjie Lin;Software Engineer, Google
VM1808:9 50678871e3f29e7cc640c3cc7646062d;David Gageot;Developer Advocate, Google
VM1808:9 76f1be4b6ea223914bb3e1f729ea6d4e;Ben Sigelman;CEO and Co-founder, LightStep
VM1808:9 76f1be4b6ea223914bb3e1f729ea6d4e;Morgan McClean;Product Manager, Google
VM1808:9 76f1be4b6ea223914bb3e1f729ea6d4e;Bogdan Drutu;Google
VM1808:9 8f4b889a5f64e44d60d610d8116e9e8d;David Zhu;Software Engineer, Google
VM1808:9 8f4b889a5f64e44d60d610d8116e9e8d;Jan Šafránek;Software Engineer, Red Hat
VM1808:9 31bc79860c7e28bab523c159ce0e6ad5;Ana Calin;Systems Engineer, Paybase
VM1808:9 31bc79860c7e28bab523c159ce0e6ad5;Luke Bond;Co-founder, ControlPlane
VM1808:9 3700904480d79a62c4056795979cae01;Sebastien Goasguen;Cofounder & CTO, TriggerMesh
VM1808:9 b3d2bca8a9934724a71def8e5862640c;Chris Crone;Engineering Manager, Docker
VM1808:9 0423ba7da32b95b4aa8a10b1a712e730;Johannes Unterstein;Software Engineer, Neo4j
VM1808:9 c7a84b537a42e61ee6f7e81bd9298bdc;Gareth Rushgrove;Director of Product Management, Snyk
VM1808:9 767d67e0dd22f8ac69bf63e5ac538cb1;Ahmet Alp Balkan;Developer Advocate, Google
VM1808:9 767d67e0dd22f8ac69bf63e5ac538cb1;Maciej Szulik;Software Engineer, Red Hat
VM1808:9 08bb2e24f470336626710f13903561c7;Craig Peters;Principal Program Manager, Microsoft
VM1808:9 08bb2e24f470336626710f13903561c7;Stephen Augustus;Sr. Cloud Native Architect, VMware
VM1808:9 6e851cb68d386ed1b5e1e66cab0a2701;Scott Nichols;Software Engineer 软件工程师, Google
VM1808:9 6e851cb68d386ed1b5e1e66cab0a2701;Klaus Deissner;Development Architect, SAP
VM1808:9 e4b58d70c98e494f5310998020a006ab;Matt Fisher;Software Engineer, Microsoft
VM1808:9 e4b58d70c98e494f5310998020a006ab;Michelle Noorali;Software Engineer, Microsoft
VM1808:9 6fc1fe2b62d6ca1fabe80369bdb6c533;Frederic Branczyk;Software Engineer, Red Hat
VM1808:9 bfb8f18da25276efe96c0176b38580f5;William Morgan;CEO, Buoyant
VM1808:9 898b0bb47ee569d174e66a6391bccc3d;Ed Warnicke;Distinguished Consulting Engineer, Cisco
VM1808:9 898b0bb47ee569d174e66a6391bccc3d;Frederick F. Kautz IV;Head of Edge Infrastructure, Doc.ai
VM1808:9 f6b386ed1c2a917ea78c00b1d32660d0;Scott Emmons;Principal Engineer, Scytale
VM1808:9 f6b386ed1c2a917ea78c00b1d32660d0;Emiliano Berenbaum;CTO, Scytale
VM1808:9 bc01dcaa15b2b7e6ef9270edaa228e8f;John Plevyak;Software Engineer, Google
VM1808:9 bc01dcaa15b2b7e6ef9270edaa228e8f;Dhi Aurrahman;Software Engineer, Tetrate
VM1808:9 35830bda256ddc8fb18f437bde411741;Henning Jacobs;Head of Developer Productivity, Zalando SE
VM1808:9 0e64d55531346e6ec61ad7bc54fdbe5c;Josh Berkus;Community Lead at Red Hat, Red Hat
VM1808:9 8240a0b1edf76c33818e80a7304f45a0;Pradipta Banerjee;Senior Technical Staff Member, IBM
VM1808:9 8240a0b1edf76c33818e80a7304f45a0;Harshal Patil;Advisory Systems Software Engineer, IBM
VM1808:9 8b2a7890d8f0e433ea36915ee86f26ed;Diem Vu;Software Engineer, Google
VM1808:9 8b2a7890d8f0e433ea36915ee86f26ed;Quanjie Lin;Software Engineer, Google
VM1808:9 a350f0ecda6c58da9ece1fe44bd0b412;Kevin Lingerfelt;Software Engineer, Buoyant
VM1808:9 5dd395d7c09464d130b98aafb305620b;Bob Killen;Research Cloud Administrator, University of Michigan
VM1808:9 5dd395d7c09464d130b98aafb305620b;Lindsey Tulloch;Student, Brock University
VM1808:9 ce66c6f25b7ac6e731639447b54337d4;Allison Richardet;Software Engineer, OCI
VM1808:9 ce66c6f25b7ac6e731639447b54337d4;Ivan Pedrazas;Solutions Architect, State Street
VM1808:9 ce66c6f25b7ac6e731639447b54337d4;Alexis Richardson;Founder & CEO, Weaveworks
VM1808:9 ce66c6f25b7ac6e731639447b54337d4;Laura Tacho;Director of Engineering, CloudBees
VM1808:9 ce66c6f25b7ac6e731639447b54337d4;Tracy Miranda;Director of Open Source Community, CloudBees
VM1808:9 77c44d7ac32efd41f0f70d300c82b41e;David Benque;Senior Software Engineer, Amadeus
VM1808:9 77c44d7ac32efd41f0f70d300c82b41e;Cédric Lamorinière;Principal Software Engineer, Datadog
VM1808:9 0583e545ff4397696f4449024a7c54ac;Phillip Wittrock;SWE, Google
VM1808:9 0583e545ff4397696f4449024a7c54ac;Maciej Szulik;Software Engineer, Red Hat
VM1808:9 a1a0216bec9829ce61063410a09fa713;Daniel Garcia;SaaS Architect, Infoblox
VM1808:9 a1a0216bec9829ce61063410a09fa713;Michael Grosser;Founder, Okkur Labs
VM1808:9 2ad9f9a94a2c9f03a6a0a80a1a55d3fa;Masahiro Nakagawa;Principal Engineer, ARM Treasure Data
VM1808:9 ad277b0dda2c91f1025658608a658589;Dejan Bosanac;Software Engineer, Red Hat
VM1808:9 ad277b0dda2c91f1025658608a658589;Cindy Xing;Senior Cloud Software Architect 高级云软件架构师, Futurewei
VM1808:9 939a878805f79fbd080be98e25b84c02;David vonThenen;Cloud Native Engineer, VMware
VM1808:9 939a878805f79fbd080be98e25b84c02;Steven Wong;Open Source Community Relations Engineer, VMware
VM1808:9 733f65132c1961b9b3223893fd6aa29f;Waldemar Quevedo;Software Engineer, Synadia Communications, Inc
VM1808:9 6c58c113285d32b1d3810563d43b6072;Cole Wagner;Software Engineer, Google
VM1808:9 6c58c113285d32b1d3810563d43b6072;Aishwarya Sundar;GKE /OSS Test Engineer, Google
VM1808:9 83f5dfffcbd7c5dd75284ceeea2331d8;Jan Tattermusch;Senior Software Engineer, Google
VM1808:9 ad66e761bc52946417198e8a4e64eaf1;David Eads;Senior Principal Software Engineer, Red Hat
VM1808:9 ad66e761bc52946417198e8a4e64eaf1;Stefan Schimanski;Principal Software Engineer, Red Hat
VM1808:9 1f082bcc172bbfdf88f46a2a2399737b;Wojciech Tyczynski;Staff Software Engineer, Google
VM1808:9 1f082bcc172bbfdf88f46a2a2399737b;Minhan Xia;Software Engineer, Google
VM1808:9 8795d700c00ade4fe49923db8dc5df0f;Vallery Lancey;Infrastructure Software Engineer, Lyft
VM1808:9 8795d700c00ade4fe49923db8dc5df0f;Seth McCombs;Site Reliability Engineer, Triller
VM1808:9 22b28f1da4b7c70406c75447c17547df;Mohsen Rezaei;Staff Software Engineer, WePay
VM1808:9 f28d7ba24b5974a6b643dd75502e57c3;Ben Sigelman;CEO and Co-founder, LightStep
VM1808:9 f28d7ba24b5974a6b643dd75502e57c3;Bogdan Drutu;Google
VM1808:9 f28d7ba24b5974a6b643dd75502e57c3;Spiros Xanthos;Founder and CEO, Omnition
VM1808:9 1a5444811d21e6aba71c6c3430290e7d;Randy Abernethy;Managing Partner, RX-M, LLC
VM1808:9 7f6b25e8e51af27c8bf728ffaac26881;Michael Hough;Software Engineer, IBM
VM1808:9 7f6b25e8e51af27c8bf728ffaac26881;Sam Irvine;Infrastructure Engineer, ControlPlane
VM1808:9 626425e1ab0f5e2de91f5fa7166d017a;Michelle Casbon;Senior Engineer, Google
VM1808:9 626425e1ab0f5e2de91f5fa7166d017a;Dan Anghel;Strategic Cloud Engineer, Google
VM1808:9 626425e1ab0f5e2de91f5fa7166d017a;Michal Zylinski;Cloud Customer Engineer, Google
VM1808:9 626425e1ab0f5e2de91f5fa7166d017a;Dan Sanche;Developer Programs Engineer, Google
VM1808:9 c2a4d0dd9347a77596c0d7917b977c11;Christian Roggia;Backend Software Engineer, Engel & Völkers Technology GmbH
VM1808:9 9e197cac5a5fd60d551e8f9ed5c50d17;Josh Rosso;Staff Field Engineer, VMware
VM1808:9 9e197cac5a5fd60d551e8f9ed5c50d17;Craig Tracey;Staff Field Engineer, VMware
VM1808:9 f05f85dc745ac9f845e833f5a51c40db;Gregg Donovan;Staff Software Engineer, Etsy.com, Inc.
VM1808:9 f05f85dc745ac9f845e833f5a51c40db;Chris Love;Founder, CNM Consulting
VM1808:9 eaf44ee1917135763f794d4ec5b5703a;Jason Murray;Cloud Infrastructure Engineer, iNNOVO Cloud GmbH
VM1808:9 eaf44ee1917135763f794d4ec5b5703a;Nikhita Raghunath;Software Engineer, Loodse
VM1808:9 eaf44ee1917135763f794d4ec5b5703a;Kris Nova;Independent
VM1808:9 eaf44ee1917135763f794d4ec5b5703a;James Munnelly;Solutions Engineer, Jetstack.io
VM1808:9 eaf44ee1917135763f794d4ec5b5703a;Cyrine Jabri;Cloud Infrastructure Engineer, iNNOVO Cloud GmbH
VM1808:9 56586b09af54b617c5b662db75f7786a;Daniel Smith;Staff Software Engineer, Google
VM1808:9 3e8f6b5af19bf65b5844e1c67287c643;Terence Lee;Principal Languages Engineer, Heroku
VM1808:9 3e8f6b5af19bf65b5844e1c67287c643;Stephen Levine;Staff Software Engineer, Pivotal
VM1808:9 f397d79b6a8db51d40fbc2d0a6748934;Jorge Salamero Sanz;Director of Technical Marketing, Sysdig
VM1808:9 c93be9cf5c877763e2dddb1c143a77bf;(Haining Henry) Zhang;Technical Director, VMware
VM1808:9 c93be9cf5c877763e2dddb1c143a77bf;Steven Ren;Senior Manager, VMware
VM1808:9 f150c6def16354f6413475c03cd08b27;Jaice Singer DuMars;Cloud Native Strategy Program Manager, Google
VM1808:9 edee17423a91d309d926d634eaadf9be;Rita Zhang;Principal Software Engineer, Microsoft
VM1808:9 edee17423a91d309d926d634eaadf9be;Max Smythe;Software Engineer, Google
VM1808:9 10c73775b8d8dde826e6f26146228456;Justin Cappos;Professor, New York University
VM1808:9 10c73775b8d8dde826e6f26146228456;Justin Cormack;Security Engineer, Docker
VM1808:9 df5fa6b203abc37238d2ed84ba2cfb2c;Mikkel Larsen;Senior Software Engineer, Zalando SE
VM1808:9 ade2d0c140d70cf3a1056d769555c343;Miguel Martinez;Senior Software Engineer, Bitnami
VM1808:9 afaeb40f993502fd0a80d1ac63272526;Álex González;Tech lead, BBVA Next Technologies
VM1808:9 afaeb40f993502fd0a80d1ac63272526;Héctor Rodes López;CTO, Adhara
VM1808:9 57b407ee63593d7bd1e72297e377ba2b;Dan Berg;Distinguished Engineer, IBM
VM1808:9 57b407ee63593d7bd1e72297e377ba2b;Ram Vennam;Product Manager for IBM Cloud and Istio, IBM
VM1808:9 76b850a9511525b6bd606976ba3c6ead;Michael Elder;Distinguished Engineer, IBM
VM1808:9 76b850a9511525b6bd606976ba3c6ead;Brad Topol;Distinguished Engineer, IBM
VM1808:9 ed8389bdbd1a72b8903942393542f8d9;John Studarus;Cloud Architect, JHL Consulting
VM1808:9 fdd59c974fdeec56901d9fb6c9e23fb2;Jennifer Buckley;Software Engineer, Google
VM1808:9 fdd59c974fdeec56901d9fb6c9e23fb2;Phillip Wittrock;SWE, Google
VM1808:9 b30ac663d7c4dc30ade09d66260fbb12;Caleb Miles;Technical Program Manager, Open Source Strategy, Google
VM1808:9 c6841464cd56e2212b28f141c8471746;Adrien Trouillaud;Founder and CEO, Admiralty
VM1808:9 d8d5e9a6589814d93c63e3d4f4cdb998;Cheryl Hung;Director of Ecosystem, CNCF
VM1808:9 fafcc597cd49c73b584b32e15ddf0510;Sylvain Hellegouarch;CTO, ChaosIQ
VM1808:9 06c403589ebddeed1a4d8825691adbb2;Timothy St. Clair;Kubernetes Steering Committee Member, VMware
VM1808:9 06c403589ebddeed1a4d8825691adbb2;Lucas Käldström;CNCF Ambassador, Independent
VM1808:9 6ac83cf45e37ff117b6068b166fbee6e;Jeyappragash Jeyakeerthi;tetrate.io
VM1808:9 6ac83cf45e37ff117b6068b166fbee6e;Sarah Allen;
VM1808:9 4bfd0cd9fee9bc72e08797661ed3bd95;Elsie Phillips;Product Marketing Manager, Red Hat
VM1808:9 4bfd0cd9fee9bc72e08797661ed3bd95;Paris Pittman;Kubernetes OSS Strategy, Google
VM1808:9 32b78404a256dac0205668b43a5f803a;Zuozheng Hu;Senior Software Engineer, Alibaba Group
VM1808:9 32b78404a256dac0205668b43a5f803a;Allen Sun;Senior Software Engineer, Alibaba Cloud
VM1808:9 1380085bfceae56d071b2b612bd617bc;Stephen Augustus;Sr. Cloud Native Architect, VMware
VM1808:9 1380085bfceae56d071b2b612bd617bc;Ihor Dvoretskyi;Developer Advocate, Cloud Native Computing Foundation
VM1808:9 5fbb918a309a0d6e2a56de5a769c92f0;Travis Nielsen;Senior Principal Software Engineer, Red Hat
VM1808:9 5fbb918a309a0d6e2a56de5a769c92f0;Alexander Trost;DevOps Engineer, Cloudibility
VM1808:9 2fc24d254a00c07252c997d8159501ba;Ria Bhatia;Program Manager, Microsoft
VM1808:9 2fc24d254a00c07252c997d8159501ba;Anubhav Mishra;Developer Advocate, HashiCorp
VM1808:9 9366cbdff27ed2500e7d132ec130443c;David Aronchick;Program Manager, Microsoft
VM1808:9 9366cbdff27ed2500e7d132ec130443c;Yaron Haviv;Founder and CTO, Iguazio
VM1808:9 646b0925e129037f5908ef81b3422387;Mark Stemm;Senior Software Engineer, Sysdig
VM1808:9 2692b58cd8b2a0f97ae704b3c4f20112;Dan Wendlandt;CEO, Isovalent
VM1808:9 d182a63bbc9fe3112291d6d84db3bdd0;Jonas Bonér;Founder & CTO, Lightbend Inc.
VM1808:9 f2f331ad8f573c0ec43b174b06c84798;Lin Sun;Senior Technical Staff Member, IBM
VM1808:9 f2f331ad8f573c0ec43b174b06c84798;Zack Butcher;Founding Engineer, Tetrate
VM1808:9 f2f331ad8f573c0ec43b174b06c84798;Jason McGee;IBM Fellow, IBM
VM1808:9 f2f331ad8f573c0ec43b174b06c84798;William Morgan;CEO, Buoyant
VM1808:9 f2f331ad8f573c0ec43b174b06c84798;Louis Ryan;Principal Software Engineer, Google
VM1808:9 900c8f68a63f7707e4367c17e4758af5;Janet Kuo;Software Engineer, Google
VM1808:9 89990fc7f4a593dd706fb0b58774c019;Gabe Monroy;Partner Program Manager, Microsoft
VM1808:9 dc79678976f980a3e1f1c99962fd76ec;Janet Kuo;Software Engineer, Google
VM1808:9 569c891963691b7a15ee9382c1184675;Joe Beda;Principal Engineer, VMware
VM1808:9 dde6900b24bc8669906e8218b30cc5f9;Ricardo Rocha;Computing Engineer, CERN
VM1808:9 dde6900b24bc8669906e8218b30cc5f9;Lukas Heinrich;Physicist, CERN
VM1808:9 171d15d282e98a3d23a973d6665e59de;Rob Szumski;Principal Product Manager for OpenShift, Red Hat
VM1808:9 ad0016fc8735d0fc745459e0bb508f51;Cheryl Hung;Director of Ecosystem, CNCF
VM1808:9 1e8d415abcd274d046d729b904654cdb;Janet Kuo;Software Engineer, Google
VM1808:9 ab7733229e6711b39e454c5670a6d0ff;Joab Jackson;Managing Editor, The New Stack
VM1808:9 ab7733229e6711b39e454c5670a6d0ff;Alex Williams;Founder & Editor-in-Chief, The New Stack
VM1808:9 ab7733229e6711b39e454c5670a6d0ff;Pere Monclus;CTO, Network & Security, VMware
VM1808:9 1b7e782dbbe7f677f8bf27fbd7181593;Bryan Liles;Senior Staff Engineer, VMware
VM1808:9 eb74b05763e1f348b5376ed5e7594843;David Xia;Infrastructure Engineer, Spotify
VM1808:9 7cd22421ed299ff8b7f1eedd8be98d15;Bob Quillin;VP Developer Relations, Oracle Cloud
VM1808:9 be106775f2a64f8c846c96f42e162dda;Katie Gamanji;Cloud Platform Engineer, Condé Nast
VM1808:9 34ec0411391dbcbed6bc69ca8222a557;Jason McGee;IBM Fellow, IBM
VM1808:9 893714a2bb87d7ff3112bf6a9c78710a;Saad Ali;Senior Software Engineer, Google
VM1808:9 98395ab64444de2b3d3402385f0e73f6;Bryan Liles;Senior Staff Engineer, VMware
VM1808:9 5ca6bf4049d71784fe26ad9c9d4cc461;Ralph Squillace;Principal Program Manager, Microsoft
VM1808:9 5ca6bf4049d71784fe26ad9c9d4cc461;Ivan Towlson;Principal Software Engineer, Microsoft
VM1808:9 904e4f9eda7b6a36f2f2113a0291766c;Liron Levin;Chief architect, Twistlock
VM1808:9 904e4f9eda7b6a36f2f2113a0291766c;Ariel Zelivansky;Security Research Team Lead, Twistlock
VM1808:9 b21864038538dfa0a473a61488e48dbe;Cheryl Hung;Director of Ecosystem, CNCF
VM1808:9 dbe68a00a2577bcda186927ff969bf8e;Stefan Schimanski;Principal Software Engineer, Red Hat
VM1808:9 8b7879e818e6203725782b071216a870;Mark Puddick;Advisory Platform Architect, Pivotal
VM1808:9 49054ed7bfaa6ce9e4293112d54c4934;Lucina Stricko;Product Manager, Vulk Coop & CNCF
VM1808:9 49054ed7bfaa6ce9e4293112d54c4934;Denver Williams;Project Co-Lead, cncf.ci, Vulk Coop & CNCF
VM1808:9 bb024b7f419fbbb263852e3eb6752244;Zhipeng Huang;Principle Engineer, Huawei
VM1808:9 bb024b7f419fbbb263852e3eb6752244;Justin Cappos;Professor, New York University
VM1808:9 415b9c22e4b3dcace6394557feb635e3;Stephen Augustus;Sr. Cloud Native Architect, VMware
VM1808:9 415b9c22e4b3dcace6394557feb635e3;Tim Pepper;Open Source Engineer, VMware
VM1808:9 01abb30b067144bdc2e1f234c8bb0704;Tim Hinrichs;CTO, Styra
VM1808:9 01abb30b067144bdc2e1f234c8bb0704;Torin Sandall;Software Engineer, Styra
VM1808:9 de325a4e4155f5d947e6f334407f8284;Michael Danese;Software Engineer, Google
VM1808:9 de325a4e4155f5d947e6f334407f8284;Mo Khan;Software Engineer, Red Hat, Inc
VM1808:9 02009324cde1329caca0150b1c538b34;Lizan Zhou;Founding Engineer, Tetrate
VM1808:9 d667dc1f72fd4951711063ad9814e816;Deepthi Sigireddi;Software Engineer, PlanetScale
VM1808:9 d667dc1f72fd4951711063ad9814e816;Sugu Sougoumarane;CTO, PlanetScale
VM1808:9 8878ff533c98a5caac8811255234090a;Lucas Servén Marín;Senior Software Engineer, Red Hat
VM1808:9 f0da368732ad885b6e622c6ab8b6a061;Rob Skillington;Staff Software Engineer, Uber
VM1808:9 3cbe7d7a65fdcfc87b6ccc2d2caa3cc9;Vinay Kulkarni;Sr. Architect, Futurewei
VM1808:9 7570ff5b41389be8a4de33607dc5812e;Evan Gilman;Engineer, Scytale
VM1808:9 7570ff5b41389be8a4de33607dc5812e;Shaun Crampton;Senior Software Engineer, Tigera
VM1808:9 303f668f7a0d81c9e9268d315a05a382;Alex Ellis;Founder, OpenFaaS Ltd
VM1808:9 303f668f7a0d81c9e9268d315a05a382;Joost Noppen;Principal Researcher, BT PLC
VM1808:9 1967c04f3cc9d3961966f2c25c013849;Ben Lambert;CTO, Just Football
VM1808:9 1967c04f3cc9d3961966f2c25c013849;Kevin Lingerfelt;Software Engineer, Buoyant
VM1808:9 2d6794d24389d804ea3e68ed640a65fa;Jared Watts;Founding Engineer, Upbound
VM1808:9 559d4f7be607ffde959c571496f5c91b;Alex Chircop;Founder and CTO, StorageOS
VM1808:9 017d35b9f036436f75cf15179a3532d9;Sheng Yang;Software Architect, Rancher Labs
VM1808:9 6b9de5e1810411ffd2e5221f7a3dbe18;Matthias Grüter;Engineering Manager, Spotify
VM1808:9 b5539e8143ddbd948cfe6a7100139b74;Lucas Roesler;Contiamo
VM1808:9 e0e4760fe670c10bd7a669dd6c4780a3;Karol Gołąb;Software Engineer, Google
VM1808:9 e0e4760fe670c10bd7a669dd6c4780a3;Beata Skiba;Software Engineer, Google
VM1808:9 a09a286c525d7ad116a4bcc2a180bd3d;David Aronchick;Program Manager, Microsoft
VM1808:9 a09a286c525d7ad116a4bcc2a180bd3d;Jeremy Lewi;Senior Software Developer, Google
VM1808:9 7c1f94de01d27bb0e41b7f071060aefa;Clemens Vasters;Principal Architect, Azure Messaging, Microsoft
VM1808:9 7c1f94de01d27bb0e41b7f071060aefa;Vlad Ionescu;DevOps Consultant, Independent
VM1808:9 c291149e77f48f374bb31e65d38be4d5;Michael Ducy;Director of Open Source, Sysdig
VM1808:9 f8e476c803ae6f341686411b2f057ff1;Timothy St. Clair;Kubernetes Steering Committee Member, VMware
VM1808:9 74d23ab25b4faf7e7c63b14fd12ad77c;Frederick F. Kautz IV;Head of Edge Infrastructure, Doc.ai
VM1808:9 74d23ab25b4faf7e7c63b14fd12ad77c;Nikolay Nikolaev;Open Source Engineer, VMware
VM1808:9 bc4d80491a86b422ef6fe8faa60d9eea;Bassam Tabbara;Founder & CEO, Upbound
VM1808:9 bc4d80491a86b422ef6fe8faa60d9eea;Jared Watts;Founding Engineer, Upbound
VM1808:9 3e425447da1910b0254fc58d7b764d5d;Radu Matei;Software Engineer, Microsoft
VM1808:9 1bd097f37a3a98785e3f997b5e01b67d;Richard Li;CEO, Datawire
VM1808:9 e4b330927f10cd09318dd27d036b4f97;Vinothkumar Siddharth;Software Engineer, Amazon
VM1808:9 042f84a5328deaeeca80d78d3fa37ef2;Eddie Zaneski;Manager, Developer Relations, DigitalOcean
VM1808:9 9929a9390f5cced8c330fb4204b1f367;Justin Santa Barbara;Software Engineer, Google
VM1808:9 9929a9390f5cced8c330fb4204b1f367;Mike Splain;Senior DevOps Engineer, Sonos
VM1808:9 aa819763db9f3e4a8d06208acc96ec32;Ian Coldwater;Lead Platform Security Engineer, Heroku
VM1808:9 e8b1d1673a49ebd0fc9ad657263c3aa2;Kensaku Komatsu;Technical Manager, NTT Communications
VM1808:9 e8b1d1673a49ebd0fc9ad657263c3aa2;Jun Makishi;Senior Architect, NTT Communications
VM1808:9 4eeef6e82f130f5b3532b9bfcbe82f82;Lee Calcote;Founder, Layer5
VM1808:9 4eeef6e82f130f5b3532b9bfcbe82f82;Girish Ranganathan;Principal Architect, SolarWinds
VM1808:9 c591b4a004812f6c5088587796cad484;Tara Baskara;System Engineer, GO-JEK
VM1808:9 c591b4a004812f6c5088587796cad484;Iqbal Farabi;System Engineer, GO-JEK
VM1808:9 ef6158226820d00eb1f9cda537273b61;Scott Rigby;DevOps Engineer, Codecademy
VM1808:9 ef6158226820d00eb1f9cda537273b61;Paul Czarkowski;Developer Advocate, Pivotal
VM1808:9 f633327e5d0c83568a56a2a41f06081e;Emily Tanaka-Delgado;Director of DevRel Engagement, Oracle
VM1808:9 f633327e5d0c83568a56a2a41f06081e;Ant Kennedy;CTO, Gapsquare
VM1808:9 f633327e5d0c83568a56a2a41f06081e;Priya Shah;Co-Founder, Sauce
VM1808:9 f633327e5d0c83568a56a2a41f06081e;Charlie Davies;CTO and Co-Founder, iGeolise
VM1808:9 f633327e5d0c83568a56a2a41f06081e;Alfonso Santiago;R&D Engineer, ELEM Biotech
VM1808:9 35f5fff8674a4e5a5552213cb53e8a3e;Joe Beda;Principal Engineer, VMware
VM1808:9 ce97c78c19ab46ee8f166f1abef8a2a5;Sanjary Rahman;Site Reliability Engineer, Booking.com
VM1808:9 62baffcab50497258af368081ee3033a;Trevor Grant;Open Source AI / IoT Evangelist, IBM
VM1808:9 62baffcab50497258af368081ee3033a;Holden Karau;Developer Advocate, Google
VM1808:9 8a8cb2abb6f48e895a3dd7f53502ed78;Eduardo Silva;Principal Engineer, Arm / Treasure Data
VM1808:9 c50a5efac4ca89351cca58e39049faf7;Elsie Phillips;Product Marketing Manager, Red Hat
VM1808:9 c50a5efac4ca89351cca58e39049faf7;Paris Pittman;Kubernetes OSS Strategy, Google
VM1808:9 68f7acb21c1a848d8466f5e24bb198c9;Max Inden;Senior Software Engineer, Red Hat
VM1808:9 68f7acb21c1a848d8466f5e24bb198c9;Frederic Branczyk;Software Engineer, Red Hat
VM1808:9 0af5d5c4d18a919234ea1f836cb8dc77;Jonathan Berkhahn;Open Source Contributor, IBM
VM1808:9 565bec319cf7e33d98641ab366f40228;Lei Zhang;Staff Engineer, Alibaba
VM1808:9 565bec319cf7e33d98641ab366f40228;Jeremy Rickard;Senior Software Engineer, Microsoft
VM1808:9 a108299bd874a3b7c331845cd6be98dd;Da Ma;Kubernetes Maintainer, SIG-Scheduling Co-Leader, Volcano leader, Huawei
VM1808:9 a108299bd874a3b7c331845cd6be98dd;Shivram Srivastava;System Engineer, Huawei Technologies
VM1808:9 7446844cb64b9d1dcc35e894c16b62fb;Vishal Powar;Senior Software Engineer, Google
VM1808:9 b9f75ff8ddfd00fe46fb01d63d75d819;Matthias Loibl;Software Engineer, Red Hat
VM1808:9 b9f75ff8ddfd00fe46fb01d63d75d819;Sergiusz Urbaniak;Software Engineer, Red Hat
VM1808:9 8ab0562f3abccaf66aaa1ed24911667a;Saad Ali;Senior Software Engineer, Google
VM1808:9 21c25cfa527adca9fe2e4d6d26122eba;Justin Cormack;Security Engineer, Docker
VM1808:9 83c531ff34e22b86d49c8693dbd55650;Arun Gupta;Principal Open Source Technologist, Amazon Web Services
VM1808:9 83c531ff34e22b86d49c8693dbd55650;Dee Kumar;Vice President, Developer Marketing, Linux Foundation
VM1808:9 ea4ac13188b14e58618553a6373dfbb1;Stephan Fudeus;Expert Continuous Delivery, 1&1 Mail & Media Development & Technology GmbH
VM1808:9 ea4ac13188b14e58618553a6373dfbb1;David Meder-Marouelli;Systems Architect, 1&1 Mail & Media Development & Technology GmbH
VM1808:9 d79221835be8d0cbd8ff025bb0ffb2c6;David Zhu;Software Engineer, Google
VM1808:9 d79221835be8d0cbd8ff025bb0ffb2c6;Jan Šafránek;Software Engineer, Red Hat
VM1808:9 ee3228dfd1247d5d107a2e1734f09972;Sai Vennam;Developer Advocate, IBM
VM1808:9 d2badd0bd8ae2ccb92f7ef34ba440c45;Marton Elek;Engineer, Cloudera
VM1808:9 d2badd0bd8ae2ccb92f7ef34ba440c45;Anu Engineer;Principal Software Engineer, Cloudera
VM1808:9 a3f66d104d3279a294ff622f33a12d5d;Ashlynn Polini;Sr. Events Manager, Docker
VM1808:9 ae900289e3dc84efbfe265bed5aad387;Ping Zou;Principal Software Engineer, Intuit
VM1808:9 ae900289e3dc84efbfe265bed5aad387;Minhan Xia;Software Engineer, Google
VM1808:9 405f362a9c68b1f9728cb83c6d8710ee;David Aronchick;Program Manager, Microsoft
VM1808:9 bc99d446c4e134d209dc9893faa39f7c;Phillip Wittrock;SWE, Google
VM1808:9 bc99d446c4e134d209dc9893faa39f7c;Maciej Szulik;Software Engineer, Red Hat
VM1808:9 90a1c5bb0f68a1dade332cd32e5c83e8;John Belamaric;Senior Staff Software Engineer, Google
VM1808:9 90a1c5bb0f68a1dade332cd32e5c83e8;Yong Tang;Director of Engineering, MobileIron
VM1808:9 c10902602e2aa394a3c3b18391f5571e;Tan Jiang;Staff Engineer, VMware
VM1808:9 c10902602e2aa394a3c3b18391f5571e;Steven Zou;Staff Engineer, VMware
VM1808:9 ba2c012090133ba8d2d98f503eab37f1;Sanjeev Rampal;Principal Engineer, Cisco
VM1808:9 ba2c012090133ba8d2d98f503eab37f1;Ryan Bezdicek;Software Engineer, Cray Inc.
VM1808:9 f594aa6d6d2ec479dac44c375b8be460;Shyam Jeedigunta;Software Engineer, Amazon
VM1808:9 f594aa6d6d2ec479dac44c375b8be460;Wojciech Tyczynski;Staff Software Engineer, Google
VM1808:9 cbeb6b44a8fd9a25b95c190e5fac22b7;Emiliano Berenbaum;CTO, Scytale
VM1808:9 cbeb6b44a8fd9a25b95c190e5fac22b7;Scott Emmons;Principal Engineer, Scytale
VM1808:9 ed36bb83476fce99a92e93f29965efea;Da Ma;Kubernetes Maintainer, SIG-Scheduling Co-Leader, Volcano leader, Huawei
VM1808:9 ed36bb83476fce99a92e93f29965efea;Kevin Wang;Principal Engineer, Huawei
VM1808:9 9f91335a566584503916c32155c92613;Steven  Dake;Istio WG Lead, Independent
VM1808:9 f8217db9ad043394ae6eb2a30ebfa91f;Gabriela Soria;Intern, CNCF (Opentracing /Jaeger)
VM1808:9 b5905d328bd27fd0e49635a45d2f2090;Thomas Graf;Co-Founder & CTO, Isovalent
VM1808:9 b8360ae33e941f349c7e91fa7a4bb56d;Maya Kaczorowski;Product Manager, Google
VM1808:9 b8360ae33e941f349c7e91fa7a4bb56d;Ann Wallace;Security Global Practice Lead, Google
VM1808:9 5dfc344b79d5c33f5c52bddb95ce76bb;Eden Pierre Rozin;Product Manager, AT&T
VM1808:9 f623df7e6ceccbceaf78d871ad85f102;Flynn;Principal Software Engineer, Datawire
VM1808:9 eec751246e1128655fc1dd4786596109;Fabrice Jammes;Senior cloud architect, LSST Corporation & French National Institute of Nuclear and Particle Physics (IN2P3)
VM1808:9 92907f864dd4e608993dc082b2ffe8fc;Paul Jones;Cloud Software Engineer, Dyson
VM1808:9 e5b715f6e6ead0ab4a98502f6368e19e;Zsolt Homorodi;Senior specialist, IT, VTT
VM1808:9 f17e2a581236d2e7c838be9e7dbbf501;Cheryl Hung;Director of Ecosystem, CNCF
VM1808:9 f17e2a581236d2e7c838be9e7dbbf501;Jeff Brewer;Vice President, Chief Architect of the Small Business and Self Employed Group, Intuit
VM1808:9 f17e2a581236d2e7c838be9e7dbbf501;Brad Topol;Distinguished Engineer, IBM
VM1808:9 f17e2a581236d2e7c838be9e7dbbf501;Ken Owens;Vice President, Digital Native Architecture, Mastercard
VM1808:9 5e808f4ffd742aef95e029f37ee82b60;Josh Berkus;Community Lead at Red Hat, Red Hat
VM1808:9 5e808f4ffd742aef95e029f37ee82b60;Łukasz Gryglicki;Senior Software Developer, Cloud Native Computing Foundation
VM1808:9 42e8955173cac414599d1c537e819c65;Illya Chekrygin;Founding Engineer, Upbound
VM1808:9 f30d98c2a00e879d6658b1da5b177d65;Yong Tang;Director of Engineering, MobileIron
VM1808:9 f30d98c2a00e879d6658b1da5b177d65;Yuan Tang;Senior Software Engineer, Ant Financial
VM1808:9 c280e30f44de379b77a3b0fd122c91b9;Terence Lee;Principal Languages Engineer, Heroku
VM1808:9 c280e30f44de379b77a3b0fd122c91b9;Stephen Levine;Staff Software Engineer, Pivotal
VM1808:9 54444050f076c461e8654afdec6a9c9e;Bryan Boreham;Director Software Engineering, Weaveworks
VM1808:9 54444050f076c461e8654afdec6a9c9e;Tom Wilkie;VP Product, Grafana Labs
VM1808:9 cf5671daf3f1c26214ecb2a466eeeac9;Loc Nguyen;Staff Engineer II, VMware
VM1808:9 cf5671daf3f1c26214ecb2a466eeeac9;Sidharth Surana;Staff Engineer, VMware
VM1808:9 bef04a89c51c8b4ec2144441d219a0fe;Benjamin Elder;Software Engineer, Google
VM1808:9 bef04a89c51c8b4ec2144441d219a0fe;James Munnelly;Solutions Engineer, Jetstack.io
VM1808:9 b55473e7610719b7db4ed28eb64eb595;Purvi Desai;Senior Software Engineering Manager, Google
VM1808:9 b55473e7610719b7db4ed28eb64eb595;Tim Hockin;Principal Software Engineer, Google
VM1808:9 55f72125e3c00cea847bb0fbf61dc1b8;Daniela Miao;Engineering, LightStep
VM1808:9 471758bf9287b654bb1ff1e1df14d2b4;Abhishek Sangwan;Product Engineer, MavenHive Technologies
VM1808:9 471758bf9287b654bb1ff1e1df14d2b4;Akashdeep Singh;Product Engineer, GO-JEK
VM1808:9 fcfacf63753b9a0cf967534a12e4b5ef;Rob Scott;Lead Site Reliability Engineer, ReactiveOps
VM1808:9 d55c9383b963fe1fd1a3a0d9387295c7;Xiaoyu Zhang;Software engineer, Alibaba
VM1808:9 d55c9383b963fe1fd1a3a0d9387295c7;Lei Zhang;Staff Engineer, Alibaba
VM1808:9 e761364d879b109566b56bfc38ffb1e7;LEO LIANG;Engineering Manager, Cruise Automation
VM1808:9 d8a6c2398b12a8c362bda8bd234d1456;Michelle Au;Software Engineer, Google
VM1808:9 0174d2f9f347c3614a5c7199e56562d5;Chris Hoge;Senior Strategic Program Manager, OpenStack Foundation
VM1808:9 0174d2f9f347c3614a5c7199e56562d5;Andrew Sy Kim;Open Source Engineer, VMware
VM1808:9 0174d2f9f347c3614a5c7199e56562d5;Jago Macleod;Engineering Director, Kubernetes, Google
VM1808:9 b2326e4ff55e176c4092fc008968d294;Wei Guo;Software Engineer, Ant Financial
VM1808:9 b2326e4ff55e176c4092fc008968d294;Zhen Zhang;Senior Engineer, Alibaba
VM1808:9 06530f04c75c00ee51a0c9d206479e21;Laurent Bernaille;Staff Engineer, Datadog
VM1808:9 06530f04c75c00ee51a0c9d206479e21;Robert Boll;Compute lead, Datadog
VM1808:9 84a37c97006a709e88d52771099ce13d;James Haughwout;Head of Infrastructure & Operations, Spotify
VM1808:9 b1d7b7ea054a3a760b4f37cd05f003b3;Ville Aikas;Software Engineer, Google
VM1808:9 b1d7b7ea054a3a760b4f37cd05f003b3;Matt Moore;Software Engineer, Google
VM1808:9 76eb7418cc42fc305547af6687865592;Krzysztof Adamski;Data Infrastructure Architect, ING
VM1808:9 76eb7418cc42fc305547af6687865592;Rob Keevil;Data Analytics Platform lead, ING
VM1808:9 369a9edf58524539c4dfd125d44b7ab5;Lubomir I. Ivanov;Open Source Engineer, VMware
VM1808:9 369a9edf58524539c4dfd125d44b7ab5;Fabrizio Pandini;Software Engineer, UniCredit
VM1808:9 715768ab5620b5c56bd79d03254b561a;Jin Zhang;Senior Software Engineer, Alibaba
VM1808:9 715768ab5620b5c56bd79d03254b561a;Haibing Zhou;Software Engineer, eBay
VM1808:9 742da6b7e349fc51a97ca17a9144cace;Stephen Augustus;Sr. Cloud Native Architect, VMware
VM1808:9 742da6b7e349fc51a97ca17a9144cace;Ihor Dvoretskyi;Developer Advocate, Cloud Native Computing Foundation
VM1808:9 9efd7d6fef1bd393c539ca1b0bb8d70e;Waldemar Quevedo;Software Engineer, Synadia Communications, Inc
VM1808:9 bf1d178b4aef989e46eb9647dca1bfb5;Lukas Puehringer;Research Associate, NYU
VM1808:9 bf1d178b4aef989e46eb9647dca1bfb5;Justin Cappos;Professor, New York University
VM1808:9 abedb018534fc92adf8fc34f0a6cddb8;Justin Santa Barbara;Software Engineer, Google
VM1808:9 49ebc2b0cd85689b8a171d5a91b10f46;Blake Barnett;Staff Engineer, Postmates
VM1808:9 49ebc2b0cd85689b8a171d5a91b10f46;Pavithra Ramesh;Software Engineer, Google
VM1808:9 4121cde5c071653f1de704253aa77e83;Warren Fernandes;Staff Software Engineer, Pivotal Software, Inc.,
VM1808:9 4121cde5c071653f1de704253aa77e83;Jason Keene;Software Engineer, Pivotal Software, Inc.,
VM1808:9 0537c41b237e0ca201c8c8bfc10b50b4;Sanjeev Rampal;Principal Engineer, Cisco
VM1808:9 0537c41b237e0ca201c8c8bfc10b50b4;Ryan Bezdicek;Software Engineer, Cray Inc.
VM1808:9 0537c41b237e0ca201c8c8bfc10b50b4;Erica von Buelow;Software Engineer, Red Hat
VM1808:9 0537c41b237e0ca201c8c8bfc10b50b4;Tasha Drew;Product Manager, VMWare
VM1808:9 4c3abe092f8e7177f07d981a20cfac1e;Michael Danese;Software Engineer, Google
VM1808:9 fc8bf4b9e14b26fe589b494acedd04c0;Igor Khapov;Head of virtualisation development department, IBM
VM1808:9 b6be08d63f0cf070dc6b87dc2a36677f;Daniel Bryant;Product Architect, Datawire
VM1808:9 b6be08d63f0cf070dc6b87dc2a36677f;Nic Jackson;Schedule or People, HashiCorp
VM1808:9 eeddcb11105ea5b1e9044db64c4e02b1;Sébastien Han;Principal Software Engineer, Storage Architect, Red Hat
VM1808:9 eeddcb11105ea5b1e9044db64c4e02b1;Federico Lucifredi;Product Management Director, Red Hat
VM1808:9 ec09b72d2bd5fa9da45ea6c2de7e652a;Janet Kuo;Software Engineer, Google
VM1808:9 43d55abb2f6d332d5498bf409dcecc7e;Bryan Liles;Senior Staff Engineer, VMware
VM1808:9 cf886518c526e6d5555cfd19530a07d5;Laura Rehorst;Product Owner - Stratus Platform, ABN AMRO Bank NV
VM1808:9 cf886518c526e6d5555cfd19530a07d5;Mike Ryan;DevOps Consultant, backtothelab.io
VM1808:9 cbef878aaef0d173ab078b9223db0fc7;Frederic Branczyk;Software Engineer, Red Hat
VM1808:9 cbef878aaef0d173ab078b9223db0fc7;Tom Wilkie;VP Product, Grafana Labs
VM1808:9 7db191a01afb96b1dedce23317059ab8;Bryan Liles;Senior Staff Engineer, VMware
VM1808:9 7db191a01afb96b1dedce23317059ab8;Janet Kuo;Software Engineer, Google
VM1808:9 d01a5fee0c2b3beca8164d906377b05c;Cornelia Davis;Vice President, Technology, Pivotal
VM1808:9 31aec0b9f14acda3e39b03d42e77e299;Greg DeArment;Head of Infrastructure, Palantir Technologies
VM1808:9 31aec0b9f14acda3e39b03d42e77e299;Vlad Ungureanu;Tech Lead, Deployment Infrastructure, Palantir Technologies
VM1808:9 32f3460e62f9ab93efaf867f150d5245;James Munnelly;Solutions Engineer, Jetstack.io
VM1808:9 32f3460e62f9ab93efaf867f150d5245;Benjamin Elder;Software Engineer, Google
VM1808:9 4b3d7914cf9d9762e772957c8cbb3b7d;Paris Pittman;Kubernetes OSS Strategy, Google
VM1808:9 d10627ee347d505afb21ed38c1ea33dd;Madhukar Korupolu;Distinguished Engineer, NVIDIA
VM1808:9 86375119b867f33ffc07073154f71953;Jason DeTiberus;Senior Member of Technical Staff, VMWare
VM1808:9 86375119b867f33ffc07073154f71953;Hardik Dodiya;Software Developer, SAP, Gardener Team
VM1808:9 30a529ffee3785c72805e2aff483cf77;Lizan Zhou;Founding Engineer, Tetrate
VM1808:9 97de876d91963de8c25bf9161f743c2c;Frederic Branczyk;Software Engineer, Red Hat
VM1808:9 97de876d91963de8c25bf9161f743c2c;Andrew Seigner;Software Engineer, Buoyant
VM1808:9 ba7d3cdfa64a672fb7fb096f48dd0b1e;Xin Ma;Principal Cloud Engineer, eBay
VM1808:9 705bfd07d06d35620de1ee452262e4be;Andreea Florescu;Software Engineer, Amazon
VM1808:9 705bfd07d06d35620de1ee452262e4be;Samuel Ortiz;Principal Software Engineer, Intel
VM1808:9 61992fa7e1f67013c2556356426d96a3;Liz Rice;Technology Evangelist, Aqua Security
VM1808:9 020e1f194350f947a76ce4509ec0ee82;Ewan Slater;Cloud Architect, Oracle
VM1808:9 978f002274d71f0287d2b94c914cdb39;Granville Schmidt;Site Reliability Lead, Aspen Mesh
VM1808:9 b09d9888da26bc92c30d76e72f09bd09;Cheryl Hung;Director of Ecosystem, CNCF
VM1808:9 b09d9888da26bc92c30d76e72f09bd09;Dan Kohn;Executive Director, Cloud Native Computing Foundation
VM1808:9 b09d9888da26bc92c30d76e72f09bd09;Taylor Carpenter;Partner, Vulk Coop
VM1808:9 7a601d32d991dd4bc53508657e54054d;Adnan Abdulhussein;Software Engineer, Bitnami
VM1808:9 2eb9e33a3a72566cbc5eaea7827de796;Nimesh Bhatia;Program Director, IBM
VM1808:9 2eb9e33a3a72566cbc5eaea7827de796;Brad Topol;Distinguished Engineer, IBM
VM1808:9 2eb9e33a3a72566cbc5eaea7827de796;Khalid Ahmed;Distinguished Engineer, IBM
VM1808:9 2eb9e33a3a72566cbc5eaea7827de796;Sahdev Zala;Senior Software Engineer, IBM
VM1808:9 64e4cdb7bc302ac9c27381175b3d515d;Erica von Buelow;Software Engineer, Red Hat
VM1808:9 64e4cdb7bc302ac9c27381175b3d515d;Zhipeng Huang;Principle Engineer, Huawei
VM1808:9 c71312d70960e64f9cdfabe8e490a651;Saad Ali;Senior Software Engineer, Google
VM1808:9 45cd7c0d23ae3b97933e757a4fd536e3;Chris Hoge;Senior Strategic Program Manager, OpenStack Foundation
VM1808:9 45cd7c0d23ae3b97933e757a4fd536e3;Aditi Sharma;Software Engineer, NEC
VM1808:9 6296c1a48c61711f373663d2e9048b42;Richard Hartmann;Monitoring Lead, SpaceNet
VM1808:9 6296c1a48c61711f373663d2e9048b42;Julius Volz;Co-Founder, Prometheus
VM1808:9 ff5406901fe9c7046eb004189bcaa380;Mitch Kelley;Software Engineer, Solo.io
VM1808:9 ff5406901fe9c7046eb004189bcaa380;Idit Levine;CEO, Solo.io
VM1808:9 4ac87f412d15250898956657cd387c0a;Jonathan Juares Beber;SRE, Onefootball GmbH
VM1808:9 4ac87f412d15250898956657cd387c0a;Rodrigo Del Monte;SRE, Onefootball GmbH
VM1808:9 50ca11492045265d0b38fe2724b8d223;Rohan Singh;Lead Infrastructure Engineer, Hustle Inc
VM1808:9 fe4653fef6970ddc36895396446fce27;Aaron Teague;Software Engineer, Supergiant
VM1808:9 fe4653fef6970ddc36895396446fce27;Clarke Vennerbeck;Kubernetes Educator/Evangelist, Supergiant
VM1808:9 bd50569f1e029dfedde2a401ae3a67e3;Chris Aniszczyk;CTO/COO, Linux Foundation (CNCF)
VM1808:9 bd50569f1e029dfedde2a401ae3a67e3;Alexis Richardson;Founder & CEO, Weaveworks
VM1808:9 bd50569f1e029dfedde2a401ae3a67e3;Liz Rice;Technology Evangelist, Aqua Security
VM1808:9 bd50569f1e029dfedde2a401ae3a67e3;Jeff Brewer;Vice President, Chief Architect of the Small Business and Self Employed Group, Intuit
VM1808:9 bd50569f1e029dfedde2a401ae3a67e3;Joe Beda;Principal Engineer, VMware
VM1808:9 079a9f5eb1ab0005b11c6e39f25412f8;Vincent Lesierse;Technical Product Manager, Vamp.io
VM1808:9 079a9f5eb1ab0005b11c6e39f25412f8;Jörg Schad;Head of Machine Learning, ArangoDB
VM1808:9 4e0f46ffb3d67f3b7a5cac6ea2ffa5a2;Justin Santa Barbara;Software Engineer, Google
VM1808:9 4e0f46ffb3d67f3b7a5cac6ea2ffa5a2;Mike Splain;Senior DevOps Engineer, Sonos
VM1808:9 cf755cf3ce2e30481d0c5c3318e96e75;Tom Wilkie;VP Product, Grafana Labs
VM1808:9 b03427dd57c47b8e6455607c40464136;Abdul Halim;Cloud Software Engineer, Intel
VM1808:9 b03427dd57c47b8e6455607c40464136;Doug Smith;Senior Software Engineer, Red Hat
VM1808:9 6a67e62b03975315c433cce7971d80d6;Ana Calin;Systems Engineer, Paybase
VM1808:9 29a844aba546e4393319fe0153f23e56;Alexandr Tcherniakhovski;Security Engineer, Google
VM1808:9 29a844aba546e4393319fe0153f23e56;Andrew Lytvynov;Software Engineer, Google
VM1808:9 6fbb28379db5712b69a10db7766b35d1;Lev Radomislensky;Software Developer, Iguazio
VM1808:9 453bcf8b33831ec1410cf76fef42e542;Pierre Meunier;Senior Platform Engineer, Wealth Wizards
VM1808:9 453bcf8b33831ec1410cf76fef42e542;Dave Shepherd;Senior Platform Engineer, Wealth Wizards
VM1808:9 4d78e238d04dcc82e7d4966415dff0f1;Steven Ren;Senior Manager, VMware
VM1808:9 c235ad44c28d9cff7e1fa5911348baee;Jessica Deen;Senior Cloud Advocate, Microsoft
VM1808:9 c235ad44c28d9cff7e1fa5911348baee;Bridget Kromhout;Principal Cloud Advocate, Microsoft
VM1808:9 268a8574b49f685c2a5d660d3b2ba67c;Lisa-Marie Namphy;K8s user community manager / moderator, Portworx
VM1808:9 268a8574b49f685c2a5d660d3b2ba67c;Joseph Sandoval;SRE Manager, Adobe
VM1808:9 268a8574b49f685c2a5d660d3b2ba67c;Allan Naim;Senior Manager, Google
VM1808:9 268a8574b49f685c2a5d660d3b2ba67c;Eric Han;Product Manager, Portworx
VM1808:9 268a8574b49f685c2a5d660d3b2ba67c;Umair Mufti;Data Services Manager, DreamWorks Animation
VM1808:9 5ba5c5efe4aaf9f538ed8a2df1611006;James Rawlings;Engineer, Cloudbees
VM1808:9 5ba5c5efe4aaf9f538ed8a2df1611006;Christie Wilson;Software Engineer 软件工程师, Google
VM1808:9 65dd7c42f808f4b2b4fdf7309f436153;Sarah Conway;VP, Communications, The Linux Foundation
VM1808:9 65dd7c42f808f4b2b4fdf7309f436153;Daniel Izquierdo;Chief Data Officer, Bitergia, InnerSourceCommons community
VM1808:9 65dd7c42f808f4b2b4fdf7309f436153;Nicole Huesman;Community and Developer Advocate, Independent
VM1808:9 34fb3b4e57d447b31194130f447a5697;Jeremy Lewi;Senior Software Developer, Google
VM1808:9 34fb3b4e57d447b31194130f447a5697;Willem Pienaar;Data Science Platform Lead, GO-JEK
VM1808:9 df024bb574092e0e8e8c646520b29321;Mo Khan;Software Engineer, Red Hat, Inc
VM1808:9 df024bb574092e0e8e8c646520b29321;Matt Rogers;Senior Software Engineer, Red Hat
VM1808:9 627db62bbdb5706c496bb9f1966403e5;Lachlan Evenson;Principal Program Manager, Microsoft
VM1808:9 627db62bbdb5706c496bb9f1966403e5;Stephen Augustus;Sr. Cloud Native Architect, VMware
VM1808:9 a54993b7d8d1bae0e471a13f89078b85;Jeff Sica;Research Database Administrator, University of Michigan
VM1808:9 a54993b7d8d1bae0e471a13f89078b85;Sebastian Florek;Software Engineer, Loodse
VM1808:9 255a07de43026898a7b6e52520b16be6;Oliver Gould;Buoyant, CTO
VM1808:9 f5c4618a796fe2d12cfaf60cf615d01e;Louis-Etienne Dorval;Lead Engineer, Ticketmaster
VM1808:9 1da97936b3c19076f3ac38dfe4f02e50;Wojciech Tyczynski;Staff Software Engineer, Google
VM1808:9 1da97936b3c19076f3ac38dfe4f02e50;Andrzej Wasylkowski;Engineering Manager, Google
VM1808:9 15b64717d8f1808d1e72a7cc5706f927;Phil Estes;Distinguished Engineer & CTO, Container Architecture Strategy, IBM Cloud
VM1808:9 9b6dd91afedabf694a47035a653ff812;Evan Gilman;Engineer, Scytale
VM1808:9 593052567f154c3097446b48895090cc;Ivana Yovcheva;Open Source Developer, VMware
VM1808:9 593052567f154c3097446b48895090cc;Simon Pelczer;Software Engineer, LivePerson
VM1808:9 0c8f37f939e6c2391f5f4ec9b92ae586;Anusha Ragunathan;Senior Software Engineer, Docker
VM1808:9 0c8f37f939e6c2391f5f4ec9b92ae586;Jean Rouge;Senior Software Engineer, Docker
VM1808:9 8a4b58dfa7b44245a301b895b43853ef;Juraci Paixão Kröhling;Software Engineer, Red Hat
VM1808:9 8a4b58dfa7b44245a301b895b43853ef;Prithvi Raj;Software Engineer, Uber
VM1808:9 99837d0d228b52c7a6d5966193017912;Kilton Hopkins;CEO, Edgeworx
VM1808:9 99837d0d228b52c7a6d5966193017912;Dejan Bosanac;Software Engineer, Red Hat
VM1808:9 99837d0d228b52c7a6d5966193017912;Steven Wong;Open Source Community Relations Engineer, VMware
VM1808:9 e0a72a59fe09bf47e776a8e9aefcfd07;Doug Davis;STSM, IBM
VM1808:9 e0a72a59fe09bf47e776a8e9aefcfd07;Scott Nichols;Software Engineer 软件工程师, Google
VM1808:9 4ae6cdefdcb71a4e0ae73a3e1c0ae0aa;Patrick Lang;Senior Software Engineer, Microsoft
VM1808:9 4ae6cdefdcb71a4e0ae73a3e1c0ae0aa;Michael Michael;Director of PM, VMware
VM1808:9 32a07ade611c54429f34ed66905a7ac0;Amy Chen;Systems Software Engineer, VMware
VM1808:9 32a07ade611c54429f34ed66905a7ac0;Eryn Muetzel;Director, Product Management, VMware
VM1808:9 0d4d364a1fa4f58ce5e11e9169f1a0b8;Jun Chen;Senior Software Engineer, Ant Financial
VM1808:9 0d4d364a1fa4f58ce5e11e9169f1a0b8;Lei Zhang;Staff Engineer, Alibaba
VM1808:9 c8088b1eb8fb29d884fb8aee5bd93933;Alexander Matyushentsev;Principle Software Engineer, Intuit
VM1808:9 c8088b1eb8fb29d884fb8aee5bd93933;Danny Thomson;Software Engineer 2, Intuit
VM1808:9 de68b653ac0aea50ad520a546324920f;Austin Lamon;Product Manager, Spotify
VM1808:9 de68b653ac0aea50ad520a546324920f;Dave Zolotusky;Software Engineer, Spotify
VM1808:9 d8b8004e32002a5dc15ab19094365a92;Yaron Haviv;Founder and CTO, Iguazio
VM1808:9 d8b8004e32002a5dc15ab19094365a92;Maulin Patel;Product Manager, Google
VM1808:9 903202ccbcc8dccbe6d415c97d005e4e;Radu Matei;Software Engineer, Microsoft
VM1808:9 75792d5b2d0f4f2479967150c7e937d5;Antoine Legrand;Software Engineering Manager, Red Hat
VM1808:9 75792d5b2d0f4f2479967150c7e937d5;Matthew Mosesohn;Senior Devops Engineer, Progmatic Lab
VM1808:9 ba29f747aa243489abb8063e1f15d5e0;Tim Pepper;Open Source Engineer, VMware
VM1808:9 b5f5aa6d6753ab393fe4913dd47d35af;Dan Kozlowski;Lead Engineer, PlanetScale
VM1808:9 b5f5aa6d6753ab393fe4913dd47d35af;Jiten Vaidya;CEO, PlanetScale
VM1808:9 52f3f3b3f763f7a4e11e6b1c78ecb59c;Rastislav Szabo;Staff Enginner, PANTHEON.tech
VM1808:9 d57f2a06b7aab52ca2cd88019ac3aeee;Gregory Haynes;Open Source Cloud Software Engineer, IBM
VM1808:9 aabb645a3e7daf1233dfa91b62957508;Chris Hoge;Senior Strategic Program Manager, OpenStack Foundation
VM1808:9 aabb645a3e7daf1233dfa91b62957508;Fabio Rapposelli;Staff Software Engineer, VMware
VM1808:9 7206d5d6450175157ee7c4ff5edd0d95;Ash Narkar;Software Engineer, Styra Inc.
VM1808:9 e8deeb70a46e5f7aecbe8fe53aac5999;Erwin van Eyk;Software Engineer, Platform9
VM1808:9 95ec97607768496eb449b84f6d9e498c;Alex Leong;Software Engineer, Buoyant
VM1808:9 4eb22c6d09bff25e23e73a0d6a702d28;Jussi Nummelin;Developer Advocate, Kontena Inc.
VM1808:9 84169975ed4246e035f19bc0e9a4bb7b;Sachin Manpathak;Technical Lead, Platform9
VM1808:9 84169975ed4246e035f19bc0e9a4bb7b;Flavius Mecea;Software Engineer, Presslabs
VM1808:9 f033a54420564d622024db00bc4e9c3d;Christoph Blecker;Senior Site Reliability Engineer, Red Hat
VM1808:9 f033a54420564d622024db00bc4e9c3d;Erick Fejta;Staff Software Engineer, Google
VM1808:9 b1cb9a50d3c19eeeefe7dc6e7031cbd5;Maria Ntalla;Engineering Manager, Pivotal
VM1808:9 05b12162156c021666c7b5dea7d5e744;Ilan Filonenko;Software Engineer, Bloomberg
VM1808:9 e727a4d0ec598dc2f225f38fef7b4040;Sławomir Chyłek;Software Engineer, Google
VM1808:9 e727a4d0ec598dc2f225f38fef7b4040;Aleksandra Malinowska;Software Engineer, Google
VM1808:9 1fc577b5e246313f9fedaea18ce31d23;Cindy Xing;Senior Cloud Software Architect 高级云软件架构师, Futurewei
VM1808:9 dc3ef3812a87d0409e3df180af3ae014;Jonathan Perry;CEO / Co-founder, Flowmill, Inc.
VM1808:9 2f892848ace88f6f608f9eebd976bb9d;Shyam Jeedigunta;Software Engineer, Amazon
VM1808:9 2f892848ace88f6f608f9eebd976bb9d;Yassine TIJANI;Member of Technical Staff, VMware
VM1808:9 e52a4da9876034253711f5a05907bb18;Eric Lin;Senior Software Engineer, Alibaba
VM1808:9 970be4fe328e443ecc841ded5b0f6fda;Anubhav Mishra;Developer Advocate, HashiCorp
VM1808:9 970be4fe328e443ecc841ded5b0f6fda;Rita Zhang;Principal Software Engineer, Microsoft
VM1808:9 78e9febc060209d6d05394d6b991d038;Ying Chun Guo;Software Engineer, IBM
VM1808:9 78e9febc060209d6d05394d6b991d038;Shaojun Ding;Software Engineer, IBM
VM1808:9 943f9083d40347b392bac34ed6133c99;John Joyce;Principal Engineer, Cisco Systems
VM1808:9 943f9083d40347b392bac34ed6133c99;Tim Swanson;Senior Technical Leader, Cisco
VM1808:9 a47afd9fdc56ba10640e231dc88ad84d;Mike Brown;Containerd Maintainer, IBM
VM1808:9 a47afd9fdc56ba10640e231dc88ad84d;Wei Fu;Software Engineer, Alibaba
VM1808:9 553fada275c50f921e6f27623b29ed1b;Rael Garcia Arnes;Site Reliability Engineer, CAPSiDE
VM1808:9 553fada275c50f921e6f27623b29ed1b;Zach Corleissen;Lead Technical Writer, Linux Foundation
VM1808:9 1e147c41e7c26236447f03e5585027ab;Tim Hockin;Principal Software Engineer, Google
VM1808:9 1835bec967c9728bf92d3ffcb09cfc08;Aaron Crickenberger;Senior Test Engineer, Google
VM1808:9 1835bec967c9728bf92d3ffcb09cfc08;William Denniss;Product Manager, Google
VM1808:9 1835bec967c9728bf92d3ffcb09cfc08;Hippie Hacker;Software Engineer, ii.coop
VM1808:9 1835bec967c9728bf92d3ffcb09cfc08;Dan Kohn;Executive Director, Cloud Native Computing Foundation
VM1808:9 d1577ac91b685ec539c45c607debcb31;Maru Newby;Software Developer, Red Hat
VM1808:9 d1577ac91b685ec539c45c607debcb31;Irfan Ur Rehman;Senior Engineer, Huawei
VM1808:9 4442e3011f8a7243be99f831e321d1ac;Quinton Hoole;Technical Vice President, Futurewei
VM1808:9 4442e3011f8a7243be99f831e321d1ac;Irene Zhang;Researcher, Microsoft Research & University of Washington
VM1808:9 cad2ad7d110b35859be3ea487d11d3e3;Arnaud Caron;Cloud Transformation Portfolio Manager, Mediakind
VM1808:9 cad2ad7d110b35859be3ea487d11d3e3;Jerome Champetier;Senior Technology Architect, Mediakind
VM1808:9 3ad948679243c5b1a4be92206089cd31;Josh Hoak;Software Engineer, Google
VM1808:9 3ad948679243c5b1a4be92206089cd31;Kobi Magnezi;Product Manager, Google
VM1808:9 f369a27979d02f3508f1893d44c53bda;Aaron Crickenberger;Senior Test Engineer, Google
VM1808:9 f369a27979d02f3508f1893d44c53bda;Rithu Leena;Senior Software Engineer, Lyft
VM1808:9 f369a27979d02f3508f1893d44c53bda;Ashley McNamara;Cloud Developer Advocate, Microsoft
VM1808:9 f369a27979d02f3508f1893d44c53bda;Stephen Augustus;Sr. Cloud Native Architect, VMware
VM1808:9 f369a27979d02f3508f1893d44c53bda;Noah Kantrowitz;Infrastructure Team Lead, Ridecell
VM1808:9 6e1968a7e53281c1ae2355b989f1eea2;(Haining Henry) Zhang;Technical Director, VMware
VM1808:9 6e1968a7e53281c1ae2355b989f1eea2;Yang Yu;Software Engineer, VMware
VM1808:9 2a0ec4e5cd11b9b783deb72d366fd3e0;David Eads;Senior Principal Software Engineer, Red Hat
VM1808:9 2a0ec4e5cd11b9b783deb72d366fd3e0;Daniel Smith;Staff Software Engineer, Google
VM1808:9 481401f047514427bcba04951bbbe5f7;Matt Fisher;Software Engineer, Microsoft
VM1808:9 481401f047514427bcba04951bbbe5f7;Adam Reese;Software Engineer, Microsoft
VM1808:9 31b6d1cf5eef71fdcad72091c4a01962;Babak Salamat;Staff Software Engineer, Google
VM1808:9 80bd26a1d99a213b1dad4c0a4d3aeedd;David Kaltschmidt;Director of UX, Grafana Labs
VM1808:9 4eccbf68c65585f1d2dc829f99785265;Bowei Du;Staff Software Engineer, Google
VM1808:9 4eccbf68c65585f1d2dc829f99785265;Laurent Bernaille;Staff Engineer, Datadog
VM1808:9 60817f5d389f543ce6573b3022c494a4;Eran Yanay;Team Lead, Twistlock
VM1808:9 db7b4ff3e205707eb107362e18e60d19;Daniel Feldman;Software Engineer, Scytale
VM1808:9 db7b4ff3e205707eb107362e18e60d19;Tyler Julian;Security Engineer, Uber
VM1808:9 baf0c69570a40a6ea3f67b9d00db5af2;Alex Glikson;Senior Cloud Research Architect, Carnegie Mellon University
VM1808:9 879ba9ef0a5bad7a83b31c75eb854be5;Matt Turner;CTO, Native Wave
